Main_Career_Path,Suggested_Role
Data Analyst,Business Analyst
Data Analyst,Business Analyst I
Data Analyst,Business Analyst II
Data Analyst,Business Analyst Senior
Data Analyst,Business Analyst Junior
Data Analyst,Business Analyst Lead
Data Analyst,Business Analyst Associate
Data Analyst,Data Engineer
Data Analyst,Data Engineer I
Data Analyst,Data Engineer II
Data Analyst,Data Engineer Senior
Data Analyst,Data Engineer Junior
Data Analyst,Data Engineer Lead
Data Analyst,Data Engineer Associate
Data Analyst,BI Developer
Data Analyst,BI Developer I
Data Analyst,BI Developer II
Data Analyst,BI Developer Senior
Data Analyst,BI Developer Junior
Data Analyst,BI Developer Lead
Data Analyst,BI Developer Associate
Data Analyst,Statistician
Data Analyst,Statistician I
Data Analyst,Statistician II
Data Analyst,Statistician Senior
Data Analyst,Statistician Junior
Data Analyst,Statistician Lead
Data Analyst,Statistician Associate
Data Analyst,Quantitative Analyst
Data Analyst,Quantitative Analyst I
Data Analyst,Quantitative Analyst II
Data Analyst,Quantitative Analyst Senior
Data Analyst,Quantitative Analyst Junior
Data Analyst,Quantitative Analyst Lead
Data Analyst,Quantitative Analyst Associate
Software Developer,Full Stack Developer
Software Developer,Full Stack Developer I
Software Developer,Full Stack Developer II
Software Developer,Full Stack Developer Senior
Software Developer,Full Stack Developer Junior
Software Developer,Full Stack Developer Lead
Software Developer,Full Stack Developer Associate
Software Developer,Backend Engineer
Software Developer,Backend Engineer I
Software Developer,Backend Engineer II
Software Developer,Backend Engineer Senior
Software Developer,Backend Engineer Junior
Software Developer,Backend Engineer Lead
Software Developer,Backend Engineer Associate
Software Developer,DevOps Engineer
Software Developer,DevOps Engineer I
Software Developer,DevOps Engineer II
Software Developer,DevOps Engineer Senior
Software Developer,DevOps Engineer Junior
Software Developer,DevOps Engineer Lead
Software Developer,DevOps Engineer Associate
Software Developer,Mobile App Developer
Software Developer,Mobile App Developer I
Software Developer,Mobile App Developer II
Software Developer,Mobile App Developer Senior
Software Developer,Mobile App Developer Junior
Software Developer,Mobile App Developer Lead
Software Developer,Mobile App Developer Associate
Software Developer,QA Engineer
Software Developer,QA Engineer I
Software Developer,QA Engineer II
Software Developer,QA Engineer Senior
Software Developer,QA Engineer Junior
Software Developer,QA Engineer Lead
Software Developer,QA Engineer Associate
Machine Learning Engineer,Data Scientist
Machine Learning Engineer,Data Scientist I
Machine Learning Engineer,Data Scientist II
Machine Learning Engineer,Data Scientist Senior
Machine Learning Engineer,Data Scientist Junior
Machine Learning Engineer,Data Scientist Lead
Machine Learning Engineer,Data Scientist Associate
Machine Learning Engineer,AI Engineer
Machine Learning Engineer,AI Engineer I
Machine Learning Engineer,AI Engineer II
Machine Learning Engineer,AI Engineer Senior
Machine Learning Engineer,AI Engineer Junior
Machine Learning Engineer,AI Engineer Lead
Machine Learning Engineer,AI Engineer Associate
Machine Learning Engineer,NLP Engineer
Machine Learning Engineer,NLP Engineer I
Machine Learning Engineer,NLP Engineer II
Machine Learning Engineer,NLP Engineer Senior
Machine Learning Engineer,NLP Engineer Junior
Machine Learning Engineer,NLP Engineer Lead
Machine Learning Engineer,NLP Engineer Associate
Machine Learning Engineer,Research Scientist
Machine Learning Engineer,Research Scientist I
Machine Learning Engineer,Research Scientist II
Machine Learning Engineer,Research Scientist Senior
Machine Learning Engineer,Research Scientist Junior
Machine Learning Engineer,Research Scientist Lead
Machine Learning Engineer,Research Scientist Associate
Machine Learning Engineer,Computer Vision Engineer
Machine Learning Engineer,Computer Vision Engineer I
Machine Learning Engineer,Computer Vision Engineer II
Machine Learning Engineer,Computer Vision Engineer Senior
Machine Learning Engineer,Computer Vision Engineer Junior
Machine Learning Engineer,Computer Vision Engineer Lead
Machine Learning Engineer,Computer Vision Engineer Associate
UI/UX Designer,Product Designer
UI/UX Designer,Product Designer I
UI/UX Designer,Product Designer II
UI/UX Designer,Product Designer Senior
UI/UX Designer,Product Designer Junior
UI/UX Designer,Product Designer Lead
UI/UX Designer,Product Designer Associate
UI/UX Designer,Frontend Developer
UI/UX Designer,Frontend Developer I
UI/UX Designer,Frontend Developer II
UI/UX Designer,Frontend Developer Senior
UI/UX Designer,Frontend Developer Junior
UI/UX Designer,Frontend Developer Lead
UI/UX Designer,Frontend Developer Associate
UI/UX Designer,Interaction Designer
UI/UX Designer,Interaction Designer I
UI/UX Designer,Interaction Designer II
UI/UX Designer,Interaction Designer Senior
UI/UX Designer,Interaction Designer Junior
UI/UX Designer,Interaction Designer Lead
UI/UX Designer,Interaction Designer Associate
UI/UX Designer,Visual Designer
UI/UX Designer,Visual Designer I
UI/UX Designer,Visual Designer II
UI/UX Designer,Visual Designer Senior
UI/UX Designer,Visual Designer Junior
UI/UX Designer,Visual Designer Lead
UI/UX Designer,Visual Designer Associate
Cybersecurity Analyst,Network Security Engineer
Cybersecurity Analyst,Network Security Engineer I
Cybersecurity Analyst,Network Security Engineer II
Cybersecurity Analyst,Network Security Engineer Senior
Cybersecurity Analyst,Network Security Engineer Junior
Cybersecurity Analyst,Network Security Engineer Lead
Cybersecurity Analyst,Network Security Engineer Associate
Cybersecurity Analyst,Penetration Tester
Cybersecurity Analyst,Penetration Tester I
Cybersecurity Analyst,Penetration Tester II
Cybersecurity Analyst,Penetration Tester Senior
Cybersecurity Analyst,Penetration Tester Junior
Cybersecurity Analyst,Penetration Tester Lead
Cybersecurity Analyst,Penetration Tester Associate
Cybersecurity Analyst,Information Security Manager
Cybersecurity Analyst,Information Security Manager I
Cybersecurity Analyst,Information Security Manager II
Cybersecurity Analyst,Information Security Manager Senior
Cybersecurity Analyst,Information Security Manager Junior
Cybersecurity Analyst,Information Security Manager Lead
Cybersecurity Analyst,Information Security Manager Associate
Cybersecurity Analyst,Forensic Analyst
Cybersecurity Analyst,Forensic Analyst I
Cybersecurity Analyst,Forensic Analyst II
Cybersecurity Analyst,Forensic Analyst Senior
Cybersecurity Analyst,Forensic Analyst Junior
Cybersecurity Analyst,Forensic Analyst Lead
Cybersecurity Analyst,Forensic Analyst Associate
Cloud Engineer,DevOps Engineer
Cloud Engineer,DevOps Engineer I
Cloud Engineer,DevOps Engineer II
Cloud Engineer,DevOps Engineer Senior
Cloud Engineer,DevOps Engineer Junior
Cloud Engineer,DevOps Engineer Lead
Cloud Engineer,DevOps Engineer Associate
Cloud Engineer,Infrastructure Architect
Cloud Engineer,Infrastructure Architect I
Cloud Engineer,Infrastructure Architect II
Cloud Engineer,Infrastructure Architect Senior
Cloud Engineer,Infrastructure Architect Junior
Cloud Engineer,Infrastructure Architect Lead
Cloud Engineer,Infrastructure Architect Associate
Cloud Engineer,Cloud Solutions Architect
Cloud Engineer,Cloud Solutions Architect I
Cloud Engineer,Cloud Solutions Architect II
Cloud Engineer,Cloud Solutions Architect Senior
Cloud Engineer,Cloud Solutions Architect Junior
Cloud Engineer,Cloud Solutions Architect Lead
Cloud Engineer,Cloud Solutions Architect Associate
Cloud Engineer,Site Reliability Engineer
Cloud Engineer,Site Reliability Engineer I
Cloud Engineer,Site Reliability Engineer II
Cloud Engineer,Site Reliability Engineer Senior
Cloud Engineer,Site Reliability Engineer Junior
Cloud Engineer,Site Reliability Engineer Lead
Cloud Engineer,Site Reliability Engineer Associate
Business Analyst,Product Manager
Business Analyst,Product Manager I
Business Analyst,Product Manager II
Business Analyst,Product Manager Senior
Business Analyst,Product Manager Junior
Business Analyst,Product Manager Lead
Business Analyst,Product Manager Associate
Business Analyst,Data Analyst
Business Analyst,Data Analyst I
Business Analyst,Data Analyst II
Business Analyst,Data Analyst Senior
Business Analyst,Data Analyst Junior
Business Analyst,Data Analyst Lead
Business Analyst,Data Analyst Associate
Business Analyst,Project Manager
Business Analyst,Project Manager I
Business Analyst,Project Manager II
Business Analyst,Project Manager Senior
Business Analyst,Project Manager Junior
Business Analyst,Project Manager Lead
Business Analyst,Project Manager Associate
Business Analyst,Consultant
Business Analyst,Consultant I
Business Analyst,Consultant II
Business Analyst,Consultant Senior
Business Analyst,Consultant Junior
Business Analyst,Consultant Lead
Business Analyst,Consultant Associate
Digital Marketer,SEO Specialist
Digital Marketer,SEO Specialist I
Digital Marketer,SEO Specialist II
Digital Marketer,SEO Specialist Senior
Digital Marketer,SEO Specialist Junior
Digital Marketer,SEO Specialist Lead
Digital Marketer,SEO Specialist Associate
Digital Marketer,Content Strategist
Digital Marketer,Content Strategist I
Digital Marketer,Content Strategist II
Digital Marketer,Content Strategist Senior
Digital Marketer,Content Strategist Junior
Digital Marketer,Content Strategist Lead
Digital Marketer,Content Strategist Associate
Digital Marketer,Social Media Manager
Digital Marketer,Social Media Manager I
Digital Marketer,Social Media Manager II
Digital Marketer,Social Media Manager Senior
Digital Marketer,Social Media Manager Junior
Digital Marketer,Social Media Manager Lead
Digital Marketer,Social Media Manager Associate
Digital Marketer,PPC Specialist
Digital Marketer,PPC Specialist I
Digital Marketer,PPC Specialist II
Digital Marketer,PPC Specialist Senior
Digital Marketer,PPC Specialist Junior
Digital Marketer,PPC Specialist Lead
Digital Marketer,PPC Specialist Associate
Financial Analyst,Investment Analyst
Financial Analyst,Investment Analyst I
Financial Analyst,Investment Analyst II
Financial Analyst,Investment Analyst Senior
Financial Analyst,Investment Analyst Junior
Financial Analyst,Investment Analyst Lead
Financial Analyst,Investment Analyst Associate
Financial Analyst,Risk Analyst
Financial Analyst,Risk Analyst I
Financial Analyst,Risk Analyst II
Financial Analyst,Risk Analyst Senior
Financial Analyst,Risk Analyst Junior
Financial Analyst,Risk Analyst Lead
Financial Analyst,Risk Analyst Associate
Financial Analyst,Portfolio Manager
Financial Analyst,Portfolio Manager I
Financial Analyst,Portfolio Manager II
Financial Analyst,Portfolio Manager Senior
Financial Analyst,Portfolio Manager Junior
Financial Analyst,Portfolio Manager Lead
Financial Analyst,Portfolio Manager Associate
Financial Analyst,Credit Analyst
Financial Analyst,Credit Analyst I
Financial Analyst,Credit Analyst II
Financial Analyst,Credit Analyst Senior
Financial Analyst,Credit Analyst Junior
Financial Analyst,Credit Analyst Lead
Financial Analyst,Credit Analyst Associate
Research Associate,Lab Technician
Research Associate,Lab Technician I
Research Associate,Lab Technician II
Research Associate,Lab Technician Senior
Research Associate,Lab Technician Junior
Research Associate,Lab Technician Lead
Research Associate,Lab Technician Associate
Research Associate,Junior Scientist
Research Associate,Junior Scientist I
Research Associate,Junior Scientist II
Research Associate,Junior Scientist Senior
Research Associate,Junior Scientist Junior
Research Associate,Junior Scientist Lead
Research Associate,Junior Scientist Associate
Research Associate,Clinical Research Coordinator
Research Associate,Clinical Research Coordinator I
Research Associate,Clinical Research Coordinator II
Research Associate,Clinical Research Coordinator Senior
Research Associate,Clinical Research Coordinator Junior
Research Associate,Clinical Research Coordinator Lead
Research Associate,Clinical Research Coordinator Associate
Research Associate,Research Fellow
Research Associate,Research Fellow I
Research Associate,Research Fellow II
Research Associate,Research Fellow Senior
Research Associate,Research Fellow Junior
Research Associate,Research Fellow Lead
Research Associate,Research Fellow Associate
Project Manager,Program Manager
Project Manager,Program Manager I
Project Manager,Program Manager II
Project Manager,Program Manager Senior
Project Manager,Program Manager Junior
Project Manager,Program Manager Lead
Project Manager,Program Manager Associate
Project Manager,Scrum Master
Project Manager,Scrum Master I
Project Manager,Scrum Master II
Project Manager,Scrum Master Senior
Project Manager,Scrum Master Junior
Project Manager,Scrum Master Lead
Project Manager,Scrum Master Associate
Project Manager,Product Owner
Project Manager,Product Owner I
Project Manager,Product Owner II
Project Manager,Product Owner Senior
Project Manager,Product Owner Junior
Project Manager,Product Owner Lead
Project Manager,Product Owner Associate
Project Manager,Business Analyst
Project Manager,Business Analyst I
Project Manager,Business Analyst II
Project Manager,Business Analyst Senior
Project Manager,Business Analyst Junior
Project Manager,Business Analyst Lead
Project Manager,Business Analyst Associate
QA Engineer,Automation Tester
QA Engineer,Automation Tester I
QA Engineer,Automation Tester II
QA Engineer,Automation Tester Senior
QA Engineer,Automation Tester Junior
QA Engineer,Automation Tester Lead
QA Engineer,Automation Tester Associate
QA Engineer,Test Lead
QA Engineer,Test Lead I
QA Engineer,Test Lead II
QA Engineer,Test Lead Senior
QA Engineer,Test Lead Junior
QA Engineer,Test Lead Lead
QA Engineer,Test Lead Associate
QA Engineer,Performance Tester
QA Engineer,Performance Tester I
QA Engineer,Performance Tester II
QA Engineer,Performance Tester Senior
QA Engineer,Performance Tester Junior
QA Engineer,Performance Tester Lead
QA Engineer,Performance Tester Associate
QA Engineer,Security Tester
QA Engineer,Security Tester I
QA Engineer,Security Tester II
QA Engineer,Security Tester Senior
QA Engineer,Security Tester Junior
QA Engineer,Security Tester Lead
QA Engineer,Security Tester Associate
Network Engineer,Systems Engineer
Network Engineer,Systems Engineer I
Network Engineer,Systems Engineer II
Network Engineer,Systems Engineer Senior
Network Engineer,Systems Engineer Junior
Network Engineer,Systems Engineer Lead
Network Engineer,Systems Engineer Associate
Network Engineer,Cloud Engineer
Network Engineer,Cloud Engineer I
Network Engineer,Cloud Engineer II
Network Engineer,Cloud Engineer Senior
Network Engineer,Cloud Engineer Junior
Network Engineer,Cloud Engineer Lead
Network Engineer,Cloud Engineer Associate
Network Engineer,Infrastructure Engineer
Network Engineer,Infrastructure Engineer I
Network Engineer,Infrastructure Engineer II
Network Engineer,Infrastructure Engineer Senior
Network Engineer,Infrastructure Engineer Junior
Network Engineer,Infrastructure Engineer Lead
Network Engineer,Infrastructure Engineer Associate
Network Engineer,Security Engineer
Network Engineer,Security Engineer I
Network Engineer,Security Engineer II
Network Engineer,Security Engineer Senior
Network Engineer,Security Engineer Junior
Network Engineer,Security Engineer Lead
Network Engineer,Security Engineer Associate
HR Specialist,Talent Acquisition Specialist
HR Specialist,Talent Acquisition Specialist I
HR Specialist,Talent Acquisition Specialist II
HR Specialist,Talent Acquisition Specialist Senior
HR Specialist,Talent Acquisition Specialist Junior
HR Specialist,Talent Acquisition Specialist Lead
HR Specialist,Talent Acquisition Specialist Associate
HR Specialist,Training Coordinator
HR Specialist,Training Coordinator I
HR Specialist,Training Coordinator II
HR Specialist,Training Coordinator Senior
HR Specialist,Training Coordinator Junior
HR Specialist,Training Coordinator Lead
HR Specialist,Training Coordinator Associate
HR Specialist,Compensation Analyst
HR Specialist,Compensation Analyst I
HR Specialist,Compensation Analyst II
HR Specialist,Compensation Analyst Senior
HR Specialist,Compensation Analyst Junior
HR Specialist,Compensation Analyst Lead
HR Specialist,Compensation Analyst Associate
HR Specialist,HR Manager
HR Specialist,HR Manager I
HR Specialist,HR Manager II
HR Specialist,HR Manager Senior
HR Specialist,HR Manager Junior
HR Specialist,HR Manager Lead
HR Specialist,HR Manager Associate
Sales Executive,Account Manager
Sales Executive,Account Manager I
Sales Executive,Account Manager II
Sales Executive,Account Manager Senior
Sales Executive,Account Manager Junior
Sales Executive,Account Manager Lead
Sales Executive,Account Manager Associate
Sales Executive,Business Development Manager
Sales Executive,Business Development Manager I
Sales Executive,Business Development Manager II
Sales Executive,Business Development Manager Senior
Sales Executive,Business Development Manager Junior
Sales Executive,Business Development Manager Lead
Sales Executive,Business Development Manager Associate
Sales Executive,Sales Manager
Sales Executive,Sales Manager I
Sales Executive,Sales Manager II
Sales Executive,Sales Manager Senior
Sales Executive,Sales Manager Junior
Sales Executive,Sales Manager Lead
Sales Executive,Sales Manager Associate
Sales Executive,Customer Success Manager
Sales Executive,Customer Success Manager I
Sales Executive,Customer Success Manager II
Sales Executive,Customer Success Manager Senior
Sales Executive,Customer Success Manager Junior
Sales Executive,Customer Success Manager Lead
Sales Executive,Customer Success Manager Associate
Content Writer,Technical Writer
Content Writer,Technical Writer I
Content Writer,Technical Writer II
Content Writer,Technical Writer Senior
Content Writer,Technical Writer Junior
Content Writer,Technical Writer Lead
Content Writer,Technical Writer Associate
Content Writer,Copywriter
Content Writer,Copywriter I
Content Writer,Copywriter II
Content Writer,Copywriter Senior
Content Writer,Copywriter Junior
Content Writer,Copywriter Lead
Content Writer,Copywriter Associate
Content Writer,Editor
Content Writer,Editor I
Content Writer,Editor II
Content Writer,Editor Senior
Content Writer,Editor Junior
Content Writer,Editor Lead
Content Writer,Editor Associate
Content Writer,SEO Writer
Content Writer,SEO Writer I
Content Writer,SEO Writer II
Content Writer,SEO Writer Senior
Content Writer,SEO Writer Junior
Content Writer,SEO Writer Lead
Content Writer,SEO Writer Associate
Graphic Designer,Visual Designer
Graphic Designer,Visual Designer I
Graphic Designer,Visual Designer II
Graphic Designer,Visual Designer Senior
Graphic Designer,Visual Designer Junior
Graphic Designer,Visual Designer Lead
Graphic Designer,Visual Designer Associate
Graphic Designer,Brand Designer
Graphic Designer,Brand Designer I
Graphic Designer,Brand Designer II
Graphic Designer,Brand Designer Senior
Graphic Designer,Brand Designer Junior
Graphic Designer,Brand Designer Lead
Graphic Designer,Brand Designer Associate
Graphic Designer,Art Director
Graphic Designer,Art Director I
Graphic Designer,Art Director II
Graphic Designer,Art Director Senior
Graphic Designer,Art Director Junior
Graphic Designer,Art Director Lead
Graphic Designer,Art Director Associate
Graphic Designer,Illustrator
Graphic Designer,Illustrator I
Graphic Designer,Illustrator II
Graphic Designer,Illustrator Senior
Graphic Designer,Illustrator Junior
Graphic Designer,Illustrator Lead
Graphic Designer,Illustrator Associate
Data Scientist,Machine Learning Engineer
Data Scientist,Machine Learning Engineer I
Data Scientist,Machine Learning Engineer II
Data Scientist,Machine Learning Engineer Senior
Data Scientist,Machine Learning Engineer Junior
Data Scientist,Machine Learning Engineer Lead
Data Scientist,Machine Learning Engineer Associate
Data Scientist,Research Scientist
Data Scientist,Research Scientist I
Data Scientist,Research Scientist II
Data Scientist,Research Scientist Senior
Data Scientist,Research Scientist Junior
Data Scientist,Research Scientist Lead
Data Scientist,Research Scientist Associate
Data Scientist,Statistician
Data Scientist,Statistician I
Data Scientist,Statistician II
Data Scientist,Statistician Senior
Data Scientist,Statistician Junior
Data Scientist,Statistician Lead
Data Scientist,Statistician Associate
Data Scientist,Data Engineer
Data Scientist,Data Engineer I
Data Scientist,Data Engineer II
Data Scientist,Data Engineer Senior
Data Scientist,Data Engineer Junior
Data Scientist,Data Engineer Lead
Data Scientist,Data Engineer Associate
AI Engineer,Machine Learning Engineer
AI Engineer,Machine Learning Engineer I
AI Engineer,Machine Learning Engineer II
AI Engineer,Machine Learning Engineer Senior
AI Engineer,Machine Learning Engineer Junior
AI Engineer,Machine Learning Engineer Lead
AI Engineer,Machine Learning Engineer Associate
AI Engineer,Research Scientist
AI Engineer,Research Scientist I
AI Engineer,Research Scientist II
AI Engineer,Research Scientist Senior
AI Engineer,Research Scientist Junior
AI Engineer,Research Scientist Lead
AI Engineer,Research Scientist Associate
AI Engineer,Data Scientist
AI Engineer,Data Scientist I
AI Engineer,Data Scientist II
AI Engineer,Data Scientist Senior
AI Engineer,Data Scientist Junior
AI Engineer,Data Scientist Lead
AI Engineer,Data Scientist Associate
AI Engineer,Robotics Engineer
AI Engineer,Robotics Engineer I
AI Engineer,Robotics Engineer II
AI Engineer,Robotics Engineer Senior
AI Engineer,Robotics Engineer Junior
AI Engineer,Robotics Engineer Lead
AI Engineer,Robotics Engineer Associate
Product Manager,Project Manager
Product Manager,Project Manager I
Product Manager,Project Manager II
Product Manager,Project Manager Senior
Product Manager,Project Manager Junior
Product Manager,Project Manager Lead
Product Manager,Project Manager Associate
Product Manager,Business Analyst
Product Manager,Business Analyst I
Product Manager,Business Analyst II
Product Manager,Business Analyst Senior
Product Manager,Business Analyst Junior
Product Manager,Business Analyst Lead
Product Manager,Business Analyst Associate
Product Manager,Product Owner
Product Manager,Product Owner I
Product Manager,Product Owner II
Product Manager,Product Owner Senior
Product Manager,Product Owner Junior
Product Manager,Product Owner Lead
Product Manager,Product Owner Associate
Product Manager,Program Manager
Product Manager,Program Manager I
Product Manager,Program Manager II
Product Manager,Program Manager Senior
Product Manager,Program Manager Junior
Product Manager,Program Manager Lead
Product Manager,Program Manager Associate
Compensation Analyst,Research Associate
Research Scientist,Cybersecurity Analyst
Lab Technician,SEO Specialist
Editor,Training Coordinator
Sales Manager,Financial Analyst
Mobile App Developer,Cloud Engineer
Forensic Analyst,Art Director
Performance Tester,HR Manager
Investment Analyst,Forensic Analyst
Machine Learning Engineer,Performance Tester
Portfolio Manager,Talent Acquisition Specialist
Credit Analyst,Compensation Analyst
Program Manager,Robotics Engineer
Investment Analyst,Machine Learning Engineer
Risk Analyst,Content Writer
Technical Writer,Business Analyst
Infrastructure Engineer,Content Strategist
Data Analyst,Training Coordinator
Research Associate,Training Coordinator
Art Director,Lab Technician
Computer Vision Engineer,Network Security Engineer
AI Engineer,Sales Manager
Penetration Tester,Project Manager
HR Specialist,Clinical Research Coordinator
Sales Executive,Compensation Analyst
QA Engineer,Product Owner
Project Manager,Research Fellow
Penetration Tester,Robotics Engineer
Content Strategist,Compensation Analyst
Clinical Research Coordinator,Credit Analyst
Digital Marketer,Network Engineer
Machine Learning Engineer,Cloud Engineer
Security Engineer,Systems Engineer
Visual Designer,Business Development Manager
Penetration Tester,Automation Tester
Consultant,Automation Tester
AI Engineer,Program Manager
Data Analyst,Digital Marketer
HR Manager,Business Analyst
Security Engineer,Lab Technician
DevOps Engineer,Full Stack Developer
Content Strategist,Network Security Engineer
Talent Acquisition Specialist,Art Director
Cloud Engineer,Interaction Designer
Statistician,Quantitative Analyst
Research Fellow,Computer Vision Engineer
Information Security Manager,Talent Acquisition Specialist
Quantitative Analyst,Content Writer
Quantitative Analyst,Automation Tester
Cloud Engineer,Cybersecurity Analyst
DevOps Engineer,Program Manager
Test Lead,Art Director
Data Analyst,Product Owner
Data Analyst,Content Strategist
Data Engineer,Automation Tester
Research Scientist,Software Developer
Business Analyst,DevOps Engineer
Product Manager,Quantitative Analyst
Machine Learning Engineer,Infrastructure Architect
DevOps Engineer,Machine Learning Engineer
Lab Technician,Customer Success Manager
Data Scientist,Mobile App Developer
Social Media Manager,Financial Analyst
Copywriter,DevOps Engineer
Editor,Content Writer
Systems Engineer,PPC Specialist
Research Associate,UI/UX Designer
Business Analyst,Program Manager
Penetration Tester,Machine Learning Engineer
BI Developer,Product Designer
Brand Designer,Automation Tester
DevOps Engineer,Frontend Developer
Content Strategist,Machine Learning Engineer
Performance Tester,Business Analyst
QA Engineer,Research Associate
Research Scientist,Security Engineer
Infrastructure Engineer,Illustrator
Copywriter,Machine Learning Engineer
Editor,Copywriter
Information Security Manager,Lab Technician
Business Analyst,Illustrator
Data Scientist,UI/UX Designer
Automation Tester,Junior Scientist
Machine Learning Engineer,Product Manager
Credit Analyst,Art Director
Data Analyst,Program Manager
Mobile App Developer,Content Strategist
Cloud Engineer,Data Scientist
Site Reliability Engineer,Training Coordinator
Product Manager,Clinical Research Coordinator
NLP Engineer,Quantitative Analyst
Machine Learning Engineer,Research Associate
Investment Analyst,Research Associate
Product Owner,Software Developer
Data Scientist,SEO Specialist
Data Engineer,Scrum Master
Graphic Designer,Full Stack Developer
Account Manager,Sales Manager
Junior Scientist,Brand Designer
Content Strategist,Account Manager
Sales Executive,Research Scientist
Data Scientist,Visual Designer
BI Developer,Statistician
Forensic Analyst,Content Strategist
Infrastructure Architect,DevOps Engineer
NLP Engineer,Software Developer
Data Scientist,Lab Technician
Data Engineer,Interaction Designer
Penetration Tester,Information Security Manager
Project Manager,Risk Analyst
Visual Designer,Automation Tester
Computer Vision Engineer,Content Writer
Program Manager,Credit Analyst
AI Engineer,Project Manager
Statistician,Data Analyst
Security Tester,Social Media Manager
Data Engineer,QA Engineer
Data Scientist,Cloud Engineer
Business Development Manager,SEO Specialist
Forensic Analyst,Copywriter
Scrum Master,Social Media Manager
Mobile App Developer,Penetration Tester
Full Stack Developer,Lab Technician
HR Manager,Data Analyst
Security Engineer,UI/UX Designer
Account Manager,Machine Learning Engineer
Full Stack Developer,Software Developer
Research Scientist,PPC Specialist
Research Fellow,Performance Tester
Portfolio Manager,Credit Analyst
Clinical Research Coordinator,Graphic Designer
Project Manager,Machine Learning Engineer
Financial Analyst,Product Manager
Research Associate,QA Engineer
Computer Vision Engineer,Interaction Designer
Data Analyst,Research Scientist
Penetration Tester,Training Coordinator
Machine Learning Engineer,Information Security Manager
SEO Writer,Statistician
HR Specialist,Research Associate
Product Designer,Network Security Engineer
Research Scientist,Compensation Analyst
Data Engineer,Technical Writer
Copywriter,Penetration Tester
Editor,PPC Specialist
Machine Learning Engineer,Project Manager
Cloud Engineer,Training Coordinator
Business Analyst,Art Director
Risk Analyst,Data Scientist
Mobile App Developer,Brand Designer
Research Scientist,Sales Executive
Project Manager,DevOps Engineer
SEO Specialist,Research Fellow
Account Manager,Performance Tester
Product Manager,Full Stack Developer
Brand Designer,Machine Learning Engineer
Project Manager,Compensation Analyst
Consultant,SEO Writer
Sales Manager,AI Engineer
Portfolio Manager,Investment Analyst
Test Lead,Portfolio Manager
Project Manager,Lab Technician
DevOps Engineer,Sales Executive
Network Security Engineer,Copywriter
PPC Specialist,Product Manager
Research Scientist,Product Manager
Data Analyst,Scrum Master
Program Manager,Scrum Master
Content Strategist,Business Development Manager
Data Analyst,QA Engineer
Test Lead,Product Owner
DevOps Engineer,Credit Analyst
Site Reliability Engineer,Data Scientist
UI/UX Designer,Risk Analyst
Security Engineer,Backend Engineer
Data Engineer,Graphic Designer
Content Writer,Performance Tester
AI Engineer,QA Engineer
SEO Specialist,Data Engineer
Visual Designer,Digital Marketer
Information Security Manager,Product Manager
DevOps Engineer,Business Analyst
NLP Engineer,Art Director
Data Engineer,Statistician
Brand Designer,Data Engineer
Research Scientist,Brand Designer
Product Owner,Data Engineer
Robotics Engineer,Automation Tester
Content Strategist,Content Writer
SEO Writer,DevOps Engineer
BI Developer,Risk Analyst
Content Writer,Business Analyst
Social Media Manager,SEO Writer
Network Engineer,Business Analyst
Penetration Tester,Quantitative Analyst
Network Engineer,Product Designer
Digital Marketer,Sales Executive
AI Engineer,DevOps Engineer
Credit Analyst,Brand Designer
Scrum Master,Research Scientist
Customer Success Manager,Data Analyst
Compensation Analyst,Technical Writer
Illustrator,Program Manager
Product Owner,AI Engineer
NLP Engineer,Machine Learning Engineer
Machine Learning Engineer,Editor
Product Designer,Product Manager
Statistician,AI Engineer
Data Engineer,HR Manager
Consultant,Penetration Tester
NLP Engineer,Talent Acquisition Specialist
Data Scientist,Network Engineer
QA Engineer,Sales Executive
AI Engineer,Credit Analyst
Lab Technician,Project Manager
Information Security Manager,Content Strategist
Customer Success Manager,Research Scientist
Business Analyst,QA Engineer
Clinical Research Coordinator,Systems Engineer
Test Lead,Research Associate
Investment Analyst,Business Development Manager
SEO Specialist,Machine Learning Engineer
Research Scientist,Information Security Manager
Brand Designer,Art Director
Network Security Engineer,Statistician
Research Scientist,QA Engineer
Data Engineer,Product Manager
Illustrator,Research Associate
Machine Learning Engineer,DevOps Engineer
Product Manager,Infrastructure Architect
Copywriter,Forensic Analyst
Social Media Manager,Technical Writer
Sales Executive,DevOps Engineer
Consultant,Backend Engineer
Digital Marketer,Research Scientist
Project Manager,Sales Executive
Consultant,AI Engineer
Visual Designer,Editor
Statistician,Research Scientist
Statistician,Compensation Analyst
Product Manager,Research Scientist
Information Security Manager,Computer Vision Engineer
Security Engineer,Copywriter
Full Stack Developer,UI/UX Designer
Information Security Manager,Automation Tester
Research Associate,Cybersecurity Analyst
Digital Marketer,Cybersecurity Analyst
Portfolio Manager,Data Scientist
Data Engineer,Machine Learning Engineer
Project Manager,Site Reliability Engineer
Illustrator,Financial Analyst
Product Manager,Investment Analyst
DevOps Engineer,Content Writer
Product Owner,Cloud Engineer
Cloud Solutions Architect,Sales Executive
Program Manager,Talent Acquisition Specialist
Talent Acquisition Specialist,BI Developer
Test Lead,Cloud Engineer
Forensic Analyst,Penetration Tester
Infrastructure Architect,Cloud Engineer
Sales Manager,Cloud Engineer
NLP Engineer,Backend Engineer
Visual Designer,Customer Success Manager
Statistician,Talent Acquisition Specialist
Account Manager,Training Coordinator
Backend Engineer,DevOps Engineer
Cybersecurity Analyst,AI Engineer
Performance Tester,Technical Writer
HR Specialist,Backend Engineer
Project Manager,Art Director
Statistician,Lab Technician
Software Developer,Data Engineer
Data Scientist,Risk Analyst
AI Engineer,Portfolio Manager
Consultant,Business Development Manager
Social Media Manager,Forensic Analyst
Performance Tester,NLP Engineer
Business Development Manager,Machine Learning Engineer
Forensic Analyst,Security Engineer
Illustrator,Computer Vision Engineer
Data Engineer,Network Security Engineer
Sales Executive,Financial Analyst
Robotics Engineer,Data Scientist
Risk Analyst,DevOps Engineer
Financial Analyst,Data Scientist
Research Associate,Copywriter
BI Developer,SEO Writer
Security Engineer,HR Specialist
Product Designer,Social Media Manager
Visual Designer,Project Manager
Data Scientist,Test Lead
Compensation Analyst,Illustrator
Lab Technician,Business Analyst
Brand Designer,Sales Manager
Project Manager,Cloud Engineer
Machine Learning Engineer,Portfolio Manager
Sales Manager,Machine Learning Engineer
Infrastructure Engineer,Machine Learning Engineer
Junior Scientist,Full Stack Developer
DevOps Engineer,Product Designer
Business Development Manager,Mobile App Developer
Cybersecurity Analyst,Brand Designer
Content Strategist,Program Manager
Machine Learning Engineer,Brand Designer
Data Analyst,Risk Analyst
Customer Success Manager,Project Manager
Project Manager,Clinical Research Coordinator
Business Analyst,SEO Writer
Account Manager,Copywriter
QA Engineer,Illustrator
Mobile App Developer,Data Analyst
Network Security Engineer,Network Engineer
Visual Designer,Data Analyst
Sales Manager,Content Strategist
Machine Learning Engineer,Content Writer
Content Strategist,Automation Tester
AI Engineer,Product Manager
Junior Scientist,Project Manager
Portfolio Manager,Network Engineer
Software Developer,Portfolio Manager
Security Tester,Business Analyst
Computer Vision Engineer,Product Designer
Brand Designer,Social Media Manager
Junior Scientist,Statistician
Consultant,Systems Engineer
Project Manager,Credit Analyst
Statistician,Product Owner
Security Tester,Project Manager
Talent Acquisition Specialist,Network Security Engineer
NLP Engineer,Copywriter
Frontend Developer,NLP Engineer
Data Scientist,Network Security Engineer
Data Engineer,Talent Acquisition Specialist
Quantitative Analyst,Robotics Engineer
Machine Learning Engineer,Test Lead
Security Engineer,Performance Tester
QA Engineer,Product Designer
Sales Manager,HR Specialist
BI Developer,Junior Scientist
Research Scientist,Technical Writer
Statistician,Security Tester
Project Manager,AI Engineer
Research Associate,Digital Marketer
Lab Technician,Mobile App Developer
Graphic Designer,Systems Engineer
HR Manager,Research Scientist
Data Analyst,Infrastructure Engineer
Content Writer,Cloud Engineer
Compensation Analyst,Art Director
Social Media Manager,Interaction Designer
Performance Tester,Cloud Engineer
Visual Designer,Computer Vision Engineer
Clinical Research Coordinator,Full Stack Developer
Editor,Cloud Engineer
Financial Analyst,Software Developer
Network Engineer,Project Manager
Cloud Engineer,Content Writer
Data Scientist,Sales Manager
Customer Success Manager,Statistician
Product Owner,Scrum Master
Backend Engineer,Project Manager
Site Reliability Engineer,NLP Engineer
Test Lead,Project Manager
Penetration Tester,Illustrator
Network Security Engineer,Data Engineer
Data Scientist,Performance Tester
Test Lead,Junior Scientist
Program Manager,Investment Analyst
Security Engineer,Data Scientist
BI Developer,Visual Designer
Content Writer,Consultant
HR Manager,Cloud Solutions Architect
Data Scientist,Business Development Manager
Training Coordinator,Portfolio Manager
Credit Analyst,Cloud Engineer
DevOps Engineer,Talent Acquisition Specialist
SEO Specialist,Social Media Manager
Quantitative Analyst,Editor
Data Scientist,Quantitative Analyst
Cloud Engineer,Performance Tester
Cloud Engineer,Statistician
Network Security Engineer,Full Stack Developer
Backend Engineer,Network Engineer
Clinical Research Coordinator,Data Scientist
Copywriter,Site Reliability Engineer
Training Coordinator,Automation Tester
Copywriter,Sales Manager
Clinical Research Coordinator,Customer Success Manager
Program Manager,Cybersecurity Analyst
Performance Tester,Research Scientist
PPC Specialist,Content Strategist
Program Manager,Technical Writer
Cloud Engineer,HR Specialist
Infrastructure Architect,Machine Learning Engineer
Statistician,Editor
Product Owner,Training Coordinator
Business Analyst,SEO Specialist
Sales Executive,Infrastructure Architect
Penetration Tester,Product Manager
Automation Tester,Business Analyst
Sales Executive,Forensic Analyst
Network Security Engineer,Program Manager
Sales Executive,Research Associate
Project Manager,Network Engineer
Training Coordinator,Junior Scientist
Technical Writer,Research Scientist
Product Manager,Cloud Engineer
AI Engineer,Customer Success Manager
Statistician,Visual Designer
Backend Engineer,Cloud Engineer
Data Analyst,Cybersecurity Analyst
QA Engineer,Business Development Manager
Credit Analyst,Investment Analyst
Infrastructure Engineer,Program Manager
UI/UX Designer,Data Scientist
Research Scientist,Business Development Manager
PPC Specialist,Brand Designer
Robotics Engineer,Statistician
Test Lead,AI Engineer
Lab Technician,Compensation Analyst
HR Specialist,Sales Manager
Compensation Analyst,Mobile App Developer
Product Owner,Security Tester
Machine Learning Engineer,Data Engineer
Scrum Master,Portfolio Manager
BI Developer,UI/UX Designer
Interaction Designer,Data Analyst
Security Engineer,Content Writer
Sales Manager,Customer Success Manager
Training Coordinator,Data Engineer
Systems Engineer,Credit Analyst
Sales Manager,Editor
Systems Engineer,Product Designer
Product Manager,AI Engineer
Network Engineer,Mobile App Developer
Research Fellow,Data Analyst
Computer Vision Engineer,Data Engineer
Data Analyst,Graphic Designer
Consultant,Compensation Analyst
SEO Specialist,Interaction Designer
Project Manager,Data Scientist
Product Owner,Financial Analyst
Copywriter,Product Owner
Interaction Designer,Visual Designer
SEO Specialist,DevOps Engineer
Credit Analyst,Systems Engineer
Project Manager,Data Analyst
Data Scientist,Financial Analyst
Portfolio Manager,Interaction Designer
Portfolio Manager,Machine Learning Engineer
Data Scientist,Business Analyst
Product Owner,Network Engineer
Infrastructure Architect,Credit Analyst
Business Development Manager,Junior Scientist
Backend Engineer,AI Engineer
Research Associate,Data Engineer
Backend Engineer,Infrastructure Architect
BI Developer,Sales Executive
Sales Executive,Information Security Manager
Consultant,Statistician
Account Manager,UI/UX Designer
Program Manager,Infrastructure Engineer
Business Analyst,Junior Scientist
Research Fellow,Frontend Developer
Clinical Research Coordinator,Research Associate
Product Manager,Portfolio Manager
BI Developer,Project Manager
Infrastructure Engineer,Forensic Analyst
PPC Specialist,Site Reliability Engineer
Portfolio Manager,Risk Analyst
Product Designer,Information Security Manager
SEO Writer,Cloud Engineer
Infrastructure Engineer,Security Engineer
Editor,Research Scientist
Business Analyst,Technical Writer
Technical Writer,Research Associate
Performance Tester,AI Engineer
Test Lead,Frontend Developer
Program Manager,Research Scientist
Lab Technician,Brand Designer
Frontend Developer,Program Manager
Copywriter,Backend Engineer
Account Manager,Infrastructure Architect
Product Designer,Project Manager
AI Engineer,Full Stack Developer
Copywriter,PPC Specialist
Machine Learning Engineer,Product Designer
Account Manager,Business Analyst
Lab Technician,Clinical Research Coordinator
Cybersecurity Analyst,Account Manager
Customer Success Manager,Data Engineer
Software Developer,Infrastructure Engineer
Product Designer,Illustrator
Scrum Master,Content Strategist
Investment Analyst,HR Manager
Interaction Designer,Technical Writer
Digital Marketer,Project Manager
SEO Specialist,QA Engineer
Investment Analyst,Full Stack Developer
Financial Analyst,Backend Engineer
Training Coordinator,Program Manager
Cloud Engineer,Program Manager
Cloud Engineer,Automation Tester
Mobile App Developer,Content Writer
AI Engineer,Cloud Engineer
Site Reliability Engineer,SEO Writer
Customer Success Manager,Cloud Engineer
Network Security Engineer,Quantitative Analyst
Research Scientist,Computer Vision Engineer
Program Manager,QA Engineer
Program Manager,AI Engineer
Research Scientist,Visual Designer
Backend Engineer,Illustrator
Interaction Designer,Training Coordinator
Sales Executive,Business Analyst
PPC Specialist,Robotics Engineer
Quantitative Analyst,Network Security Engineer
Cloud Engineer,Graphic Designer
Cloud Solutions Architect,Account Manager
Research Scientist,Program Manager
Automation Tester,Data Engineer
Research Scientist,Clinical Research Coordinator
Visual Designer,Research Scientist
Risk Analyst,Visual Designer
Data Scientist,DevOps Engineer
Data Analyst,Illustrator
HR Specialist,Art Director
Site Reliability Engineer,Business Analyst
Financial Analyst,Test Lead
Scrum Master,Frontend Developer
QA Engineer,Sales Manager
Training Coordinator,PPC Specialist
Talent Acquisition Specialist,Portfolio Manager
Data Scientist,Security Engineer
Editor,Forensic Analyst
AI Engineer,Quantitative Analyst
NLP Engineer,Forensic Analyst
Sales Executive,Program Manager
Data Scientist,Product Designer
Product Designer,Site Reliability Engineer
QA Engineer,Project Manager
SEO Writer,Interaction Designer
Brand Designer,Product Manager
Statistician,Sales Manager
Visual Designer,Lab Technician
SEO Specialist,Content Strategist
Art Director,Content Writer
Portfolio Manager,Cloud Engineer
Test Lead,Content Writer
BI Developer,AI Engineer
Robotics Engineer,Research Fellow
Research Scientist,Machine Learning Engineer
SEO Specialist,Product Owner
Full Stack Developer,Portfolio Manager
QA Engineer,Security Engineer
Product Manager,Art Director
Data Analyst,SEO Writer
Data Analyst,Mobile App Developer
Content Strategist,Brand Designer
Performance Tester,Site Reliability Engineer
Business Analyst,Quantitative Analyst
Risk Analyst,Network Engineer
Scrum Master,QA Engineer
Forensic Analyst,Business Analyst
UI/UX Designer,Copywriter
Graphic Designer,Mobile App Developer
Business Analyst,Brand Designer
HR Specialist,Automation Tester
Content Strategist,HR Manager
Cloud Engineer,Software Developer
Digital Marketer,Test Lead
Research Scientist,Statistician
Systems Engineer,QA Engineer
Content Strategist,Computer Vision Engineer
Digital Marketer,Quantitative Analyst
Research Associate,AI Engineer
Performance Tester,Full Stack Developer
QA Engineer,Financial Analyst
Customer Success Manager,Financial Analyst
Portfolio Manager,Information Security Manager
Security Tester,Infrastructure Engineer
Software Developer,SEO Writer
Investment Analyst,Visual Designer
Product Owner,Digital Marketer
Research Scientist,Interaction Designer
Content Strategist,Statistician
Network Security Engineer,Robotics Engineer
Statistician,Cybersecurity Analyst
Research Fellow,AI Engineer
Digital Marketer,AI Engineer
Cloud Engineer,Information Security Manager
Data Scientist,Customer Success Manager
SEO Writer,Consultant
Business Development Manager,Full Stack Developer
Consultant,Cloud Solutions Architect
Copywriter,Program Manager
Social Media Manager,Product Manager
Backend Engineer,Consultant
Content Writer,Project Manager
SEO Writer,Copywriter
Credit Analyst,Machine Learning Engineer
Frontend Developer,Business Analyst
Business Analyst,Cloud Solutions Architect
BI Developer,Data Analyst
Computer Vision Engineer,Sales Executive
Project Manager,Test Lead
Product Owner,Data Analyst
Digital Marketer,Full Stack Developer
Business Analyst,Research Fellow
Systems Engineer,UI/UX Designer
Content Writer,Product Owner
Full Stack Developer,Cloud Engineer
Business Analyst,Scrum Master
Data Scientist,Product Owner
Machine Learning Engineer,SEO Writer
Software Developer,Clinical Research Coordinator
Data Analyst,Network Security Engineer
Clinical Research Coordinator,Machine Learning Engineer
Cybersecurity Analyst,Data Analyst
AI Engineer,Penetration Tester
QA Engineer,Business Analyst
Interaction Designer,Systems Engineer
BI Developer,Cloud Engineer
Information Security Manager,Mobile App Developer
Portfolio Manager,Frontend Developer
Financial Analyst,UI/UX Designer
Financial Analyst,Infrastructure Architect
Visual Designer,Data Engineer
Network Engineer,DevOps Engineer
Quantitative Analyst,Interaction Designer
Data Scientist,Technical Writer
Research Scientist,Data Analyst
Systems Engineer,Program Manager
Statistician,Research Fellow
Full Stack Developer,DevOps Engineer
Editor,Portfolio Manager
Research Fellow,Interaction Designer
DevOps Engineer,Content Strategist
Technical Writer,QA Engineer
AI Engineer,Art Director
AI Engineer,UI/UX Designer
Consultant,Junior Scientist
Computer Vision Engineer,Portfolio Manager
Cloud Engineer,Product Manager
Computer Vision Engineer,Forensic Analyst
UI/UX Designer,Credit Analyst
NLP Engineer,Visual Designer
Business Analyst,Compensation Analyst
Program Manager,Automation Tester
Content Writer,Full Stack Developer
Program Manager,NLP Engineer
Machine Learning Engineer,Junior Scientist
Art Director,Research Associate
DevOps Engineer,Site Reliability Engineer
Product Manager,UI/UX Designer
Performance Tester,Cloud Solutions Architect
Statistician,Product Manager
SEO Writer,BI Developer
Project Manager,Infrastructure Engineer
Security Engineer,Mobile App Developer
Research Associate,Technical Writer
Account Manager,Data Scientist
Art Director,Financial Analyst
Product Designer,Technical Writer
Account Manager,Social Media Manager
Art Director,Customer Success Manager
Cloud Solutions Architect,Clinical Research Coordinator
Training Coordinator,Visual Designer
Data Engineer,SEO Writer
Product Manager,Copywriter
Project Manager,Cloud Solutions Architect
Content Strategist,Research Fellow
Forensic Analyst,Machine Learning Engineer
Software Developer,Social Media Manager
Frontend Developer,Training Coordinator
Test Lead,Security Tester
Credit Analyst,Network Security Engineer
Consultant,Information Security Manager
SEO Specialist,Data Scientist
PPC Specialist,Art Director
Compensation Analyst,Scrum Master
Financial Analyst,Business Analyst
QA Engineer,Brand Designer
Sales Executive,Copywriter
Security Tester,Backend Engineer
Product Designer,Business Analyst
Training Coordinator,Cybersecurity Analyst
Talent Acquisition Specialist,Frontend Developer
Test Lead,Robotics Engineer
Program Manager,Network Security Engineer
Full Stack Developer,Visual Designer
Project Manager,Talent Acquisition Specialist
Business Analyst,Social Media Manager
Junior Scientist,Data Analyst
Cloud Engineer,Business Analyst
Performance Tester,Content Strategist
Technical Writer,Site Reliability Engineer
Talent Acquisition Specialist,Business Analyst
Social Media Manager,PPC Specialist
Product Owner,Machine Learning Engineer
Product Owner,Graphic Designer
Business Analyst,Data Engineer
Junior Scientist,QA Engineer
Visual Designer,Research Associate
QA Engineer,Copywriter
Content Strategist,Social Media Manager
Compensation Analyst,Consultant
Systems Engineer,AI Engineer
Data Engineer,Cybersecurity Analyst
Technical Writer,Risk Analyst
Art Director,Illustrator
QA Engineer,Risk Analyst
NLP Engineer,Business Analyst
Software Developer,Test Lead
Site Reliability Engineer,Cloud Engineer
Data Analyst,Social Media Manager
Machine Learning Engineer,Cybersecurity Analyst
Automation Tester,Financial Analyst
Security Tester,PPC Specialist
Infrastructure Architect,Test Lead
Data Scientist,AI Engineer
Data Scientist,Portfolio Manager
Data Analyst,Cloud Engineer
Brand Designer,Financial Analyst
Network Security Engineer,Research Scientist
Content Writer,Art Director
Program Manager,Cloud Engineer
BI Developer,Scrum Master
PPC Specialist,Data Analyst
Scrum Master,Risk Analyst
Infrastructure Architect,Junior Scientist
Lab Technician,UI/UX Designer
Data Engineer,DevOps Engineer
Copywriter,Brand Designer
HR Manager,Machine Learning Engineer
SEO Writer,Sales Executive
Statistician,Financial Analyst
Cloud Solutions Architect,Research Associate
Project Manager,Forensic Analyst
Cloud Engineer,Computer Vision Engineer
Data Scientist,SEO Writer
Lab Technician,Machine Learning Engineer
Risk Analyst,Product Designer
NLP Engineer,Junior Scientist
Cybersecurity Analyst,Statistician
Product Designer,Cybersecurity Analyst
Sales Executive,Full Stack Developer
Art Director,Training Coordinator
Program Manager,SEO Specialist
Software Developer,Project Manager
Illustrator,Product Owner
Digital Marketer,Data Scientist
Full Stack Developer,Account Manager
Brand Designer,Talent Acquisition Specialist
Systems Engineer,DevOps Engineer
Backend Engineer,Research Associate
Systems Engineer,Robotics Engineer
Machine Learning Engineer,Copywriter
Social Media Manager,Scrum Master
Interaction Designer,Risk Analyst
Cybersecurity Analyst,Graphic Designer
HR Specialist,Security Engineer
Forensic Analyst,Product Designer
Security Tester,Program Manager
Software Developer,Lab Technician
HR Manager,Content Writer
Research Associate,Product Designer
Portfolio Manager,Test Lead
Penetration Tester,Compensation Analyst
Infrastructure Engineer,Research Associate
Business Analyst,Infrastructure Architect
Quantitative Analyst,Project Manager
Data Scientist,QA Engineer
HR Specialist,QA Engineer
Digital Marketer,Technical Writer
Research Scientist,Graphic Designer
Business Analyst,Sales Executive
Product Owner,Talent Acquisition Specialist
Account Manager,Research Scientist
Copywriter,Cloud Engineer
Social Media Manager,Information Security Manager
Site Reliability Engineer,AI Engineer
Infrastructure Engineer,Product Owner
HR Specialist,Junior Scientist
Network Security Engineer,Content Strategist
Cloud Engineer,Frontend Developer
Software Developer,Program Manager
Data Scientist,Training Coordinator
PPC Specialist,Digital Marketer
AI Engineer,Frontend Developer
Product Manager,PPC Specialist
Research Scientist,HR Specialist
SEO Specialist,Research Associate
Cloud Solutions Architect,Data Engineer
HR Specialist,Quantitative Analyst
Data Analyst,Lab Technician
Talent Acquisition Specialist,Cloud Engineer
Security Tester,Graphic Designer
Data Scientist,Editor
Visual Designer,Product Designer
Project Manager,Copywriter
NLP Engineer,Penetration Tester
Clinical Research Coordinator,Information Security Manager
Content Writer,Sales Manager
HR Manager,Social Media Manager
Technical Writer,Compensation Analyst
Data Engineer,Project Manager
Penetration Tester,Product Owner
UI/UX Designer,Technical Writer
Research Scientist,Infrastructure Architect
Business Development Manager,Data Scientist
Program Manager,Interaction Designer
Compensation Analyst,Research Scientist
Full Stack Developer,Art Director
Project Manager,HR Manager
Copywriter,Frontend Developer
Social Media Manager,BI Developer
Content Writer,PPC Specialist
Illustrator,Research Scientist
Infrastructure Engineer,Sales Executive
Machine Learning Engineer,BI Developer
Program Manager,Statistician
AI Engineer,Cloud Solutions Architect
Full Stack Developer,Sales Manager
AI Engineer,Product Owner
Frontend Developer,Quantitative Analyst
Product Owner,Technical Writer
Credit Analyst,UI/UX Designer
Content Strategist,Cloud Solutions Architect
Portfolio Manager,Digital Marketer
Quantitative Analyst,Infrastructure Engineer
Consultant,Data Analyst
QA Engineer,Software Developer
Content Strategist,Research Scientist
Data Scientist,Product Manager
HR Manager,BI Developer
Statistician,Security Engineer
Clinical Research Coordinator,Data Analyst
Graphic Designer,Project Manager
Program Manager,Graphic Designer
Talent Acquisition Specialist,Data Analyst
Product Designer,Compensation Analyst
Brand Designer,Project Manager
Security Engineer,Interaction Designer
Technical Writer,DevOps Engineer
Product Owner,Project Manager
Content Strategist,Financial Analyst
DevOps Engineer,AI Engineer
Performance Tester,Training Coordinator
Graphic Designer,DevOps Engineer
Security Engineer,Quantitative Analyst
Statistician,Robotics Engineer
HR Specialist,Program Manager
Product Manager,Content Strategist
Visual Designer,Sales Executive
PPC Specialist,Business Analyst
Cloud Engineer,Visual Designer
QA Engineer,Machine Learning Engineer
Sales Manager,Backend Engineer
Digital Marketer,SEO Writer
Cybersecurity Analyst,Infrastructure Engineer
NLP Engineer,QA Engineer
Project Manager,PPC Specialist
Robotics Engineer,Sales Executive
Performance Tester,Data Scientist
NLP Engineer,Data Analyst
Computer Vision Engineer,Program Manager
Illustrator,Network Security Engineer
Art Director,Research Scientist
Frontend Developer,Project Manager
Statistician,Technical Writer
Brand Designer,Backend Engineer
Network Security Engineer,Digital Marketer
Clinical Research Coordinator,AI Engineer
QA Engineer,Content Strategist
Performance Tester,SEO Writer
Data Scientist,HR Manager
Risk Analyst,Site Reliability Engineer
Frontend Developer,Digital Marketer
QA Engineer,Infrastructure Engineer
Forensic Analyst,Performance Tester
Performance Tester,Sales Executive
